alt,val
90,32
100,33.44444444444444
110,34.888888888888886
120,36.333333333333336
130,37.77777777777778
140,39.22222222222222
150,40.666666666666664
160,42.111111111111114
170,43.55555555555556
180,45
